node,damage,degree,top_pieces
HAVOK / ALEX SUMMERS,24,198,"[2316, 22, 1, 1]"
SPIDER-MAN / PETER PARKER,19,452,"[2321, 3, 2, 1, 1]"
IRON MAN / TONY STARK,15,403,"[2325, 2, 1, 1, 1]"
PUNISHER II / FRANK CA,14,72,"[2326, 7, 2, 1, 1]"
"CAGE, LUKE / CARL LUCA",14,113,"[2326, 7, 2, 1, 1]"
SILVER SURFER / NORRIN,13,174,"[2327, 9, 3, 1]"
NOVA / RICHARD RIDER,12,173,"[2328, 8, 2, 1, 1]"
CAPTAIN AMERICA,11,535,"[2329, 3, 1, 1, 1]"
HAWK,9,285,"[2331, 7, 1, 1]"
STARSHINE II / BRANDY,9,30,"[2331, 9]"
DEATHLOK III / MICHAEL,8,15,"[2332, 5, 1, 1, 1]"
HULK / DR. ROBERT BRUC,7,299,"[2333, 1, 1, 1, 1]"
"HARKNESS, AGATHA",6,88,"[2334, 6]"
MACHINE MAN / X-51,6,48,"[2334, 6]"
BINARY / CAROL DANVERS,5,108,"[2335, 2, 1, 1, 1]"
IRON MAN IV / JAMES R.,5,111,"[2335, 4, 1]"
SLEEPWALKER,5,8,"[2335, 5]"
DR. STRANGE / STEPHEN,5,215,"[2335, 2, 1, 1, 1]"
SHANNA / SHANNA O'HARA,4,30,"[2336, 4]"
THING / BENJAMIN J. GR,4,311,"[2336, 3, 1]"
"ROM, SPACEKNIGHT",4,29,"[2336, 2, 1, 1]"
CAPTAIN BRITAIN / BRIA,4,80,"[2336, 1, 1, 1, 1]"
SUB-MARINER / NAMOR MA,4,244,"[2336, 1, 1, 1, 1]"
X-MAN / NATHAN GREY,4,41,"[2336, 4]"
NEZARR,3,7,"[2337, 3]"
HELLSTORM / DAIMON HEL,3,37,"[2337, 1, 1, 1]"
IRON FIST / DANIEL RAN,3,104,"[2337, 1, 1, 1]"
DAREDEVIL / MATT MURDO,3,230,"[2337, 1, 1, 1]"
CYPHER / DOUG RAMSEY,3,64,"[2337, 3]"
USAGENT / CAPTAIN JOHN,3,114,"[2337, 2, 1]"
STORM / ORORO MUNROE S,3,300,"[2337, 2, 1]"
GHOST RIDER II / JOHNN,3,48,"[2337, 1, 1, 1]"
ELEKTRA / ELEKTRA NATC,3,11,"[2337, 1, 1, 1]"
GAMBIT / REMY LEBEAU,2,164,"[2338, 1, 1]"
DEATHLOK / COLONEL LUT,2,3,"[2338, 2]"
SILVER SAMURAI / KENYU,2,10,"[2338, 2]"
MAN-THING / THEODORE T,2,17,"[2338, 2]"
FOOLKILLER II / GREG S,2,3,"[2338, 2]"
GHOST RIDER III / DAN,2,49,"[2338, 1, 1]"
DEADPOOL / JACK / WADE W,2,32,"[2338, 1, 1]"
SHROUD / MAXIMILLIAN Q,2,22,"[2338, 2]"
"SUMMERS, NATHAN CHRI",2,139,"[2338, 1, 1]"
MORBIUS / DR. MICHAEL,2,16,"[2338, 1, 1]"
PHARAOH RAMA-TUT,2,99,"[2338, 1, 1]"
DARKHAWK / CHRIS POWEL,2,86,"[2338, 1, 1]"
THOR / DR. DONALD BLAK,2,374,"[2338, 1, 1]"
BEAST / HENRY &HANK& P,1,328,"[2339, 1]"
"VAZHIN, ALEXEI MIKHA",1,4,"[2339, 1]"
ADORA,1,6,"[2339, 1]"
HUMAN TORCH / JOHNNY S,1,290,"[2339, 1]"
FIXER II / PAUL NORBER,1,52,"[2339, 1]"
BLACK KNIGHT V / DANE,1,181,"[2339, 1]"
IKARIS / IKE HARRIS [E,1,39,"[2339, 1]"
BLOODSTONE / ULYSSES B,1,4,"[2339, 1]"
BLACK PANTHER / T'CHAL,1,146,"[2339, 1]"
BALDER [ASGARDIAN],1,85,"[2339, 1]"
WOLVERINE / LOGAN,1,374,"[2339, 1]"
BOOMER / TABITHA SMITH,1,114,"[2339, 1]"
BLACK CAT / FELICIA HA,1,53,"[2339, 1]"
BLACK WIDOW / NATASHA,1,209,"[2339, 1]"
KINGPIN / WILSON FISK,1,102,"[2339, 1]"
"FURY, COL. NICHOLAS",1,165,"[2339, 1]"
PHOENIX III / RACHEL S,1,86,"[2339, 1]"
FIRESTAR / ANGELICA JO,1,139,"[2339, 1]"
"NORTH, DAKOTA",1,6,"[2339, 1]"
DAZZLER II / ALLISON B,1,75,"[2339, 1]"
SLUG / ULYSSES X. LUGM,1,10,"[2339, 1]"
FROG-MAN II / EUGENE P,1,2,"[2339, 1]"
MOON KNIGHT / MARC SPE,1,93,"[2339, 1]"
SPIDER-WOMAN / JESSICA,1,59,"[2339, 1]"
WEREWOLF BY NIGHT / JA,1,27,"[2339, 1]"
SPIDER-MAN III / MARTH,1,15,"[2339, 1]"
"MCDOWELL, SCOTTY",1,4,"[2339, 1]"
GIDEON,1,20,"[2339, 1]"
"LE FEY, MORGAN",1,31,"[2339, 1]"
VERTIGO II,1,16,"[2339, 1]"
"WISDOM, PETER",1,21,"[2339, 1]"
GAUNTLET,1,26,"[2339, 1]"
DRACULA / VLAD TEPES,1,11,"[2339, 1]"
"WADE, AGENT JOE",1,8,"[2339, 1]"
STILETTO,1,5,"[2339, 1]"
MOLE MAN / HARVEY RUPE,1,41,"[2339, 1]"
TEXAS TWISTER / DREW D,1,8,"[2339, 1]"
WONDER MAN / SIMON WIL,1,217,"[2339, 1]"
MAGNETO / MAGNUS / ERIC,1,156,"[2339, 1]"
"ROSS, COURTNEY",1,6,"[2339, 1]"
"ZOLA, ARNIM",1,6,"[2339, 1]"
"RYKER, HARLAN",1,3,"[2339, 1]"
"LEE, STAN",1,7,"[2339, 1]"
"KENT, CLARK",1,5,"[2339, 1]"
HERCULES [GREEK GOD],1,240,"[2339, 1]"
DAYTRIPPER / AMANDA SE,1,36,"[2339, 1]"
STRYFE,1,43,"[2339, 1]"
HELLCAT / PATSY WALKER,1,88,"[2339, 1]"
BOOMERANG / FRED MYERS,1,19,"[2339, 1]"
OVERRIDE / DR. GREGORY,1,4,"[2339, 1]"
VENOM / EDDIE BROCK,1,25,"[2339, 1]"
SPIDER-MAN CLONE / BEN,1,69,"[2339, 1]"
IMPOSSIBLE MAN,1,11,"[2339, 1]"
