,degree,betweenness,closeness,eigenvector,degree_rank,betweenness_rank,closeness_rank,eigenvector_rank
Black Panther / T'chal,0.3098159509202454,0.0020376865427808193,0.5916515426497277,0.07851289043244149,52,64,52,55
Loki [asgardian],0.1901840490797546,0.0015727285716438091,0.5497470489038786,0.04545256108312673,98,74,101,116
Mantis / ? Brandt,0.07668711656441718,1.5174107243463717e-05,0.48656716417910445,0.02517121793092035,264,312,276,223
Iceman / Robert Bobby,0.49693251533742333,0.012271723496886145,0.6653061224489796,0.11015790566803178,25,25,25,25
Marvel Girl / Jean Grey,0.47546012269938653,0.009736077168795638,0.6559356136820925,0.1059980534875255,28,29,28,28
Cyclops / Scott Summer,0.6042944785276074,0.022347566374259612,0.7164835164835165,0.12308771691967031,10,9,10,9
Klaw / Ulysses Klaw,0.16564417177914112,0.0005195145767877251,0.5442404006677797,0.04427280382731409,125,139,114,118
Human Torch / Johnny S,0.5920245398773006,0.017855017006991485,0.710239651416122,0.12318061339697235,13,14,13,7
"Richards, Franklin B",0.2822085889570552,0.0025892109453048108,0.5821428571428572,0.07573843159479773,59,56,57,61
Wolverine / Logan,0.6748466257668712,0.035487086875697724,0.7546296296296297,0.13121725624674468,2,3,2,2
Firebird / Bonita Juar,0.11656441717791412,3.655449409803768e-05,0.5182829888712241,0.03717265344236333,177,285,196,147
Mr. Fantastic / Reed R,0.6073619631901841,0.02107208082684818,0.7180616740088106,0.12223773623673732,9,10,9,11
Medusa / Medusalith Am,0.15337423312883436,0.00018637402050726692,0.5406301824212272,0.046549297650006725,135,195,125,113
Dr. Strange / Stephen,0.4325153374233129,0.006539525831057114,0.6379647749510763,0.1024512931129132,33,37,33,31
Jack Of Hearts / Jack,0.1196319018404908,0.0001728892369364885,0.5283630470016207,0.0354519010037345,175,203,162,156
Mephisto,0.17177914110429449,0.001013698660343783,0.5460636515912898,0.04163700509631148,117,95,110,133
Thanos,0.2392638036809816,0.0005260464247009073,0.5679442508710801,0.07204052399905281,73,138,71,66
Swordsman / Jacques Du,0.08588957055214724,2.577598050639084e-05,0.49544072948328266,0.028190298569513914,239,301,250,188
Collector / Taneleer T,0.09202453987730061,3.324958359981932e-05,0.5150078988941548,0.030496011162784064,222,294,207,178
Lockjaw [inhuman],0.13803680981595093,0.00010414470695350089,0.5266558966074314,0.04334741004762766,148,229,166,125
Sub-mariner / Namor Ma,0.4386503067484663,0.008255105197595303,0.6404715127701375,0.09723074880311128,31,33,31,33
Pharaoh Rama-tut,0.2607361963190184,0.0007782682606820222,0.573943661971831,0.07656945968791772,64,111,64,59
Ant-man Ii / Scott Har,0.15644171779141106,0.0004256037395837013,0.5379537953795379,0.04316837655793735,133,149,132,126
Lyja Lazerfist [skru,0.09815950920245399,8.328599936121432e-05,0.5232744783306581,0.02775751501142085,212,244,179,193
Gorgon [inhuman],0.13496932515337423,0.00010412160341935352,0.535303776683087,0.04252838177842221,152,230,141,131
Nighthawk Ii / Kyle Ri,0.09815950920245399,6.632580773799944e-05,0.5207667731629393,0.029467193302771675,212,255,187,184
"Cage, Luke / Carl Luca",0.1901840490797546,0.001577716883330225,0.5516074450084603,0.05125136996165265,98,73,96,103
Colossus Ii / Peter Ra,0.5766871165644172,0.017728734381909788,0.7025862068965517,0.11962853317015405,15,15,15,13
Hellcat / Patsy Walker,0.1901840490797546,0.0007359686147964566,0.5516074450084603,0.05309012281933914,98,116,96,98
Karnak [inhuman],0.13803680981595093,0.00010967902298084178,0.5361842105263158,0.043358687511814265,148,227,138,124
Death,0.13190184049079756,0.0012676438528766252,0.535303776683087,0.04101416468977853,156,85,141,135
Redwing,0.07668711656441718,0.00014515597273289133,0.5150078988941548,0.018821452349674958,264,212,207,262
Daredevil / Matt Murdo,0.4447852760736196,0.013280259338858244,0.6417322834645669,0.09872879018555059,30,22,30,32
"Norriss, Sister Barb",0.18711656441717792,0.0006027981887485655,0.5506756756756757,0.051326495535641004,103,131,99,101
Rage / Elvin Daryl Hal,0.1441717791411043,0.0002193093760793456,0.5379537953795379,0.043008188426739244,145,182,132,127
Starfox / Eros,0.22392638036809817,0.001106562975194655,0.5630397236614854,0.06062914347562345,83,90,80,84
Demolition Man / Denni,0.09202453987730061,0.00011913071454978286,0.49770992366412214,0.027450357544919226,222,221,247,196
Sersi / Sylvia,0.25153374233128833,0.0019571887224581466,0.5709281961471103,0.06364133986017016,68,65,70,83
Spider-man / Peter Parker,0.6687116564417178,0.06180893220299028,0.7511520737327189,0.12375189187336595,3,2,3,6
Vision,0.6533742331288344,0.028624301178771645,0.7425968109339408,0.12724776896390277,5,6,5,4
Uatu,0.25153374233128833,0.0007462517033293197,0.5719298245614035,0.07301766391068495,68,114,68,65
Binary / Carol Danvers,0.2638036809815951,0.003063091364060438,0.5759717314487632,0.06683704621233988,62,53,62,76
"Gyrich, Henry Peter",0.1687116564417178,0.0008062359209964395,0.5370675453047776,0.047163427932908814,123,109,134,112
Nightcrawler / Kurt Wa,0.43558282208588955,0.008620155900904692,0.6392156862745098,0.09204222435698674,32,32,32,38
Angel / Warren Kenneth,0.5184049079754601,0.01252326565034179,0.6749482401656315,0.11276318589873185,22,24,22,22
Silver Surfer / Norrin,0.36503067484662577,0.0036908872534314055,0.6116322701688556,0.09082327735233155,41,46,41,40
She-hulk / Jennifer Wa,0.5460122699386504,0.01287987749256339,0.6877637130801688,0.11777195760114807,19,23,19,18
Ghaur [deviant],0.06134969325153374,7.009848935941035e-05,0.5038639876352395,0.019161007692950552,297,253,230,257
Dr. Doom / Victor Von,0.38650306748466257,0.0036279648157013147,0.6197718631178707,0.09647788134805929,37,47,37,34
Storm / Ororo Munroe S,0.5828220858895705,0.01840326716269652,0.7056277056277056,0.12006587207302546,14,13,14,12
Scarlet Witch / Wanda,0.5950920245398773,0.018814076166521317,0.7117903930131004,0.12228529857369135,12,11,12,10
Toad / Mortimer Toynbe,0.11656441717791412,0.00026721029479474405,0.5309446254071661,0.03471130043234012,177,176,152,162
Hulk / Dr. Robert Bruce Banner,0.558282208588957,0.014016161477632249,0.6936170212765957,0.11934893155929065,18,19,18,14
Firestar / Angelica Jo,0.2791411042944785,0.0024413147231005148,0.5811051693404634,0.07813092014493102,60,58,59,57
Wonder Man / Simon Wil,0.49386503067484666,0.008053960988847898,0.6639511201629328,0.11289111273357591,26,34,26,21
Drax / Arthur Douglas,0.23006134969325154,0.0002678523749508408,0.5649913344887348,0.07171268952959652,79,175,76,67
"Dugan, Timothy Aloyi",0.147239263803681,0.0006864762591389791,0.5397350993377483,0.04398240034072949,142,120,126,121
"Carter, Sharon",0.06134969325153374,5.47522847095469e-05,0.4787077826725404,0.014956328253101385,297,269,291,287
Black Knight V / Dane,0.4325153374233129,0.006349386993929727,0.63671875,0.10303735608420143,33,38,34,30
Sunfire / Shiro Yoshid,0.15644171779141106,0.00034754370896441817,0.5344262295081967,0.04760575517161075,133,165,145,109
Triton,0.11656441717791412,0.00011087319045874328,0.5300813008130081,0.03532618351684583,177,226,155,157
Ultron,0.15950920245398773,0.00016382983328446172,0.5424292845257903,0.04754780736945445,130,207,120,110
"Jones, Richard Milho",0.20552147239263804,0.00048198853602592225,0.5563139931740614,0.0598577333605658,94,141,91,86
Iron Man / Tony Stark,0.6226993865030676,0.024893411682719645,0.7260579064587973,0.11896061183030375,8,8,8,16
"Nelson, Franklin Fog",0.12269938650306748,0.0006919388732904059,0.5283630470016207,0.026037830631929916,169,119,162,208
Captain America,0.7914110429447853,0.067124152188827,0.8274111675126904,0.13941869775478866,1,1,1,1
"Jarvis, Edwin",0.39877300613496935,0.00979619704903395,0.6233269598470363,0.0861570686738452,36,28,36,43
Quasar Iii / Wendell V,0.3834355828220859,0.004369667899951005,0.618595825426945,0.09561412973640887,38,44,38,36
"Jameson, J. Jonah",0.25766871165644173,0.008888367355469625,0.5729349736379613,0.05579764988774818,65,31,65,94
"Masters, Alicia Reis",0.17791411042944785,0.00021758327513284054,0.5478991596638656,0.05491705251323976,112,183,106,95
Magneto / Magnus / Eric,0.36503067484662577,0.006873487691439137,0.6116322701688556,0.08057781186394533,41,36,41,49
Invisible Woman / Sue,0.598159509202454,0.018605411074321763,0.7133479212253829,0.12315048408145692,11,12,11,8
Professor X / Charles,0.5674846625766872,0.01749527632260529,0.6980728051391863,0.11850825803580674,17,16,17,17
Iron Fist / Daniel Ran,0.17177914110429449,0.0008623681246927192,0.5460636515912898,0.04975969008799376,117,105,110,106
Black Bolt / Blackanto,0.13496932515337423,9.490415226315415e-05,0.535303776683087,0.04292386271402884,152,236,141,128
Hawk,0.5214723926380368,0.01338459526012733,0.6763485477178424,0.10914159526148336,21,20,21,27
Sandman / William Bake,0.17177914110429449,0.0006147141889454018,0.5424292845257903,0.047284578632651855,117,127,120,111
Falcon / Sam Wilson,0.25766871165644173,0.0020696395188077566,0.5729349736379613,0.06574048178081375,65,63,65,78
Stingray / Dr. Walter,0.11656441717791412,0.00017285462862705146,0.5174603174603175,0.03556504316281006,177,204,199,155
Justice Ii / Vance Ast,0.15030674846625766,0.0006594527311550337,0.5388429752066116,0.04398775599483588,137,123,129,120
Hercules [greek God],0.5245398773006135,0.014562022144098791,0.6777546777546778,0.11357897065992004,20,18,20,20
Usagent / Captain John,0.2852760736196319,0.0016864406973403836,0.5821428571428572,0.080440162129451,56,70,57,50
Captain Marvel Ii / Mo,0.3006134969325153,0.002329954994249825,0.5873873873873874,0.07383173438623623,53,59,54,62
Crystal [inhuman],0.34969325153374237,0.002209273126212293,0.6048237476808905,0.0927667876283841,44,62,44,37
Tigra / Greer Nelson,0.2392638036809816,0.0007515984277166981,0.5669565217391305,0.06735972221372524,73,113,72,75
Spider-woman Ii / Juli,0.27607361963190186,0.001133268553281,0.5790408525754884,0.07800935777592949,61,89,60,58
Machine Man / X-51,0.13190184049079756,6.112258037667835e-05,0.5344262295081967,0.044033641013447554,156,264,145,119
Mockingbird / Dr. Barb,0.1901840490797546,0.0005265238629175674,0.5516074450084603,0.05612789399225419,98,137,96,93
Captain Marvel / Capta,0.11349693251533742,7.612277458818541e-05,0.5258064516129032,0.03601490680339948,186,250,169,154
Wasp / Janet Van Dyne,0.5766871165644172,0.01620200024568797,0.7025862068965517,0.11910797206402783,15,17,15,15
"Fury, Col. Nicholas",0.3282208588957055,0.004876731030305364,0.5981651376146789,0.07950660640518922,48,41,48,53
Thor / Dr. Donald Blak,0.6288343558282209,0.028647589789500414,0.7293064876957495,0.11735758873989507,6,5,6,19
Quicksilver / Pietro M,0.48773006134969327,0.013320439532639212,0.6612576064908722,0.1103063595297447,27,21,27,24
Captain Britain / Bria,0.13496932515337423,0.00042612402336147297,0.5361842105263158,0.0411060467082991,152,148,138,134
Shadowcat / Katherine,0.34662576687116564,0.004599031810873506,0.6048237476808905,0.07831245071265186,45,43,44,56
Black Widow / Natasha,0.450920245398773,0.007510124694601674,0.6455445544554456,0.10363804573293835,29,35,29,29
Ant-man / Dr. Henry J.,0.5,0.010303923753235312,0.6666666666666666,0.10977450603281368,24,27,24,26
Moon Knight / Marc Spe,0.2116564417177914,0.0008846618935276675,0.5582191780821918,0.06376014398832532,89,102,87,82
Jocasta,0.08282208588957056,3.605103741017661e-05,0.5069984447900466,0.026731584817411603,251,286,220,203
Moondragon / Heather D,0.3159509202453988,0.0017375935379014536,0.5938069216757741,0.08741429158877434,50,68,50,42
Thing / Benjamin J. Gr,0.656441717791411,0.02503653886715358,0.7442922374429224,0.12975553891926722,4,7,4,3
Beast / Henry &hank& P,0.6288343558282209,0.03120304535740402,0.7293064876957495,0.1260383706368129,6,4,6,5
Nova / Richard Rider,0.3159509202453988,0.0022748907312994913,0.5938069216757741,0.08580986460467412,50,60,50,45
Wrecker Iii / Dirk Gar,0.16564417177914112,0.0006586197764774732,0.5442404006677797,0.04285540363542284,125,124,114,129
Warlock Ii / Adam Warl,0.23006134969325154,0.00028379427762770444,0.5649913344887348,0.07065880642028671,79,170,76,70
Piledriver Ii / Brian,0.15030674846625766,0.0004329287471706224,0.5397350993377483,0.04057413630865996,137,146,126,137
Thunderball / Dr. Elio,0.1687116564417178,0.0007424994520530586,0.5451505016722408,0.04371573609214556,123,115,112,123
Dr. Octopus / Otto Oct,0.17484662576687118,0.0025391613562428146,0.5469798657718121,0.03971686821471769,116,57,109,141
"Banner, Betty Ross T",0.11349693251533742,7.483826280131523e-05,0.5292207792207793,0.03669389823227101,186,252,157,149
Avalanche / Dominic Pe,0.1196319018404908,0.00025915163594104933,0.5199362041467305,0.030369742683582442,175,177,191,180
Attuma,0.0736196319018405,2.7850923221144084e-05,0.5046439628482973,0.024405910258391554,272,299,226,228
Hela [asgardian],0.10122699386503067,0.0009170298546544869,0.5166402535657686,0.01932941031284193,204,100,202,256
Doc Samson / Dr. Leona,0.12269938650306748,9.230682269061975e-05,0.531810766721044,0.040254876641489544,169,240,149,139
Guardian / James Macdo,0.10122699386503067,0.00013495672286706825,0.5158227848101266,0.03300266472119252,204,218,203,165
Northstar / Jean-paul,0.22699386503067484,0.0005575956263651053,0.5630397236614854,0.06945556050466192,82,133,80,72
Dr. Druid / Anthony Lu,0.21779141104294478,0.0003766981817602802,0.5601374570446735,0.06887386640347508,86,158,83,73
"Watson-parker, Mary",0.17791411042944785,0.0032545158627542395,0.5442404006677797,0.03178672806196796,112,49,114,173
Mystique / Raven Darkh,0.17791411042944785,0.0006473970139365776,0.5258064516129032,0.03855800691143345,112,126,169,145
Pyro / Allerdyce Johnn,0.1411042944785276,0.0003976065447427282,0.5258064516129032,0.03301754721202514,146,153,169,164
Destiny Ii / Irene Adl,0.10122699386503067,0.00013146658293999438,0.5,0.024343060640299202,204,219,242,230
Mister Hyde / Calvin Z,0.0736196319018405,0.0001711186671438546,0.48875562218890556,0.016699676908535445,272,206,270,279
Ghost Rider Ii / Johnn,0.08282208588957056,0.00021073119909435697,0.5158227848101266,0.02686552314392743,251,186,203,200
Mole Man / Harvey Rupe,0.10736196319018405,3.513830147114746e-05,0.5275080906148867,0.0389811079234693,197,290,165,144
Firelord / Pyreus Kril,0.11042944785276074,8.243168017666797e-05,0.5292207792207793,0.03476480151819845,191,246,157,161
Leader / Sam Sterns,0.052147239263803685,0.0,0.49022556390977445,0.018285460869407848,313,326,264,266
"Le Fey, Morgan",0.05521472392638037,8.50500473533459e-06,0.4808259587020649,0.019022376104243385,312,319,286,259
Bulldozer / Henry Camp,0.15030674846625766,0.0004329287471706224,0.5397350993377483,0.04057413630865999,137,146,126,136
Forgotten One / Gilgam,0.08588957055214724,9.255177888208203e-05,0.4880239520958084,0.02600906163039412,239,239,272,209
Balder [asgardian],0.10122699386503067,0.0003939517140282668,0.5069984447900466,0.019428462143203033,204,156,220,255
Hogun [asgardian],0.13496932515337423,0.0008534548442554501,0.535303776683087,0.027706663788960632,152,107,141,195
Hellstorm / Daimon Hel,0.08588957055214724,3.4416541100483014e-05,0.5174603174603175,0.025658367183857833,239,292,199,214
Aurora / Jeanne-marie,0.18404907975460122,0.0003584831024877532,0.5497470489038786,0.058717795412776684,106,162,101,88
"O'brien, Michael",0.10429447852760737,0.00018399910804054717,0.5232744783306581,0.029959239858907857,201,196,179,182
"Stankowicz, Fabian",0.07668711656441718,5.833665908017918e-05,0.50231124807396,0.022733550264474885,264,266,236,235
Screaming Mimi / Melis,0.09202453987730061,0.00020012986650570647,0.5133858267716536,0.02551599587791436,222,188,211,216
Moonstone Ii / Karla S,0.12269938650306748,0.0003669080039187413,0.5207667731629393,0.032343737332858016,169,159,187,170
Fixer Ii / Paul Norber,0.10429447852760737,0.00026830686956990713,0.5158227848101266,0.025989665040022484,201,174,203,210
Darkstar / Laynia Serg,0.09815950920245399,4.172362595545635e-05,0.5249597423510467,0.03441681108483284,212,277,173,163
Vanguard / Nicolai Kry,0.07668711656441718,1.721827781175273e-05,0.5182829888712241,0.027215809580667615,264,310,196,199
Gamora,0.18098159509202455,7.57846993273689e-05,0.5488215488215489,0.0578833157279486,108,251,105,90
Psylocke / Elisabeth B,0.4049079754601227,0.005277256723286529,0.6269230769230769,0.09618367720829657,35,40,35,35
Rogue  / ,0.5184049079754601,0.011537331476189018,0.6749482401656315,0.11148308358820548,22,26,22,23
Sasquatch / Walter Lan,0.2883435582822086,0.001056233759327233,0.5831842576028623,0.08351053878592003,55,92,55,48
Luna / Luna Maximoff [,0.08895705521472393,4.2791813180574944e-05,0.4946889226100152,0.027715773752671518,231,274,255,194
Whizzer Ii / Stanley S,0.046012269938650305,1.3116325429582038e-05,0.49544072948328266,0.013353434806550631,320,314,250,294
Dr. Spectrum / Joseph,0.046012269938650305,1.3116325429582038e-05,0.49544072948328266,0.013353434806550633,320,314,250,293
Kingpin / Wilson Fisk,0.147239263803681,0.0030541558023244263,0.5388429752066116,0.02130556468627161,142,54,129,245
Clea,0.06134969325153374,1.4166104024063292e-05,0.5046439628482973,0.01705117522247174,297,313,226,276
Polaris / Lorna Dane,0.3404907975460123,0.003190827657441478,0.6025878003696857,0.0840015606535343,46,51,46,46
"De La Fontaine, Cont",0.06748466257668712,8.607370207286511e-05,0.5150078988941548,0.01951634298991346,283,242,207,254
Heimdall [asgardian],0.06748466257668712,4.9829991003575764e-05,0.4773060029282577,0.010992232576608689,283,271,294,302
Red Skull / Johann Sch,0.11656441717791412,0.00045505485782998476,0.5224358974358975,0.026759354797345532,177,143,184,202
"Thompson, Eugene Fla",0.12883435582822086,0.0012726978726002515,0.5241157556270096,0.0198493965509794,160,84,176,253
Wong,0.0950920245398773,4.45746072449006e-05,0.5207667731629393,0.029026636854469875,217,273,187,186
"Parker, May",0.13190184049079756,0.001273380958874687,0.5085803432137286,0.02174828591965563,156,83,217,242
Green Goblin / Norman,0.0705521472392638,0.0001870115863010335,0.4917043740573152,0.013671766229509484,279,194,261,291
Night Thrasher / Duane,0.07975460122699386,7.687343341969882e-05,0.5207667731629393,0.02250545545937451,256,249,187,237
Eternity / Adam Qadmon,0.18711656441717792,0.00017282232111489611,0.5506756756756757,0.060378336511098106,103,205,99,85
Galactus / Galan,0.3006134969325153,0.0013055277081587624,0.5884476534296029,0.08363865806466741,53,81,53,47
Triathlon / Delroy Gar,0.08588957055214724,4.741207512312442e-05,0.49770992366412214,0.027221556552487293,239,272,247,198
Beetle / Abner Ronald,0.13803680981595093,0.0006080061966548398,0.5292207792207793,0.036236320690250234,148,129,157,152
Lilandra Neramani [s,0.19631901840490798,0.0009876912648734896,0.5433333333333333,0.05196518750245407,97,98,118,99
Odin [asgardian],0.17177914110429449,0.001049188453293345,0.5424292845257903,0.04005069558558957,117,93,120,140
"Hogan, Virginia Pepp",0.049079754601226995,7.821043037316634e-06,0.4759124087591241,0.0154587589688583,316,320,298,285
Mad Dog / Colonel Buzz,0.06441717791411043,6.499952350227577e-05,0.500768049155146,0.017344222800106807,290,259,240,274
"Kincaid, Dr. Jane Fo",0.08588957055214724,0.00027548020047771563,0.49022556390977445,0.01719110854004534,239,171,264,275
Wizard / Bentley Wittm,0.08895705521472393,0.00010449933187429307,0.5085803432137286,0.025416936199084736,231,228,217,219
Charcoal / Charlie Bur,0.06441717791411043,8.442806405923516e-05,0.49244712990936557,0.014682034890435075,290,243,259,290
Blob / Fred J. Dukes,0.1901840490797546,0.0012099472781385411,0.5525423728813559,0.046149969650483125,98,86,95,114
Cloak / Tyrone Johnson,0.0736196319018405,0.00018919532396355015,0.5182829888712241,0.018443267991148142,272,192,196,264
Thunderstrike / Eric K,0.31901840490797545,0.0031313746674110476,0.5948905109489051,0.08581255533714092,49,52,49,44
Power Man / Erik Joste,0.12883435582822086,0.00044241909389245495,0.5232744783306581,0.03180110071087276,160,144,179,172
Human Torch Android / ,0.11042944785276074,0.00031782915758952763,0.50231124807396,0.032514102977161424,191,168,236,169
Juggernaut / Cain Mark,0.09202453987730061,0.00038641508276766586,0.5199362041467305,0.025180172530609793,222,157,191,222
Absorbing Man / Carl C,0.15950920245398773,0.0006065326076177697,0.5424292845257903,0.042199611429800055,130,130,120,132
Volstagg,0.12576687116564417,0.000779615444211561,0.531810766721044,0.024383159929371994,163,110,149,229
Shaman / Michael Twoyo,0.23006134969325154,0.0005668186733164082,0.5640138408304498,0.07002014067761073,79,132,78,71
Snowbird / Narya / Anne,0.09202453987730061,5.9988353612612454e-05,0.5224358974358975,0.030507536071209384,222,265,184,177
Dagger / Tandy Bowen,0.08895705521472393,0.00020405967579069725,0.5224358974358975,0.025533023590465397,231,187,184,215
Phoenix Iii / Rachel S,0.16564417177914112,0.0009030639544675906,0.5451505016722408,0.039706695801599856,125,101,112,142
Mandarin,0.06748466257668712,6.31495641098554e-05,0.5,0.018132061494598263,283,262,242,268
Fandral [asgardian],0.13803680981595093,0.0010939362808513038,0.5361842105263158,0.027884313269540068,148,91,138,190
Ms. Marvel Ii / Sharon,0.07975460122699386,6.608726259782706e-05,0.5191082802547771,0.025667947508294313,256,257,194,213
Pip / Prince Gofern,0.18404907975460122,0.00016170696441082283,0.5497470489038786,0.05840503375340344,106,208,101,89
Enchantress / Amora / He,0.2116564417177914,0.0015988730652813676,0.5582191780821918,0.05318203086924593,89,71,87,97
"Jameson, Col. John",0.11042944785276074,0.0014719964555517102,0.50231124807396,0.020616234155395263,191,76,236,248
"Cooper, Dr. Valerie",0.2147239263803681,0.00288267120495647,0.5591766723842195,0.04980492108619042,87,55,85,105
Nova Ii / Frankie Raye,0.20858895705521474,0.00015433777846650924,0.5572649572649573,0.06646082318535132,92,209,90,77
Darkhawk / Chris Powel,0.2147239263803681,0.001001501706186472,0.5591766723842195,0.06482749450524532,87,96,85,79
Nomad Iii / Jack Monro,0.07975460122699386,0.0004141970692706629,0.4984709480122324,0.015946126298373223,256,151,246,281
"Robertson, Joe",0.15030674846625766,0.00227180378894872,0.5370675453047776,0.027866655829218132,137,61,134,191
Gargoyle Ii / Isaac Ch,0.11349693251533742,0.00014165262513933773,0.5292207792207793,0.03480970265234637,186,214,157,160
Namorita / Nita Prenti,0.2852760736196319,0.0017592694856351373,0.5831842576028623,0.08020831601265943,56,67,55,51
Iron Man Iv / James R.,0.19938650306748468,0.0005449022298790366,0.5544217687074829,0.057167184528679055,96,136,93,91
"Ross, Gen. Thaddeus",0.08895705521472393,1.9811500803749552e-05,0.5069984447900466,0.030212419271603893,231,307,220,181
"Harkness, Agatha",0.2361963190184049,0.00039433451572835605,0.5659722222222222,0.07347849901311851,76,155,74,63
"Carter, Peggy",0.10736196319018405,0.0005476321502317434,0.5030864197530864,0.025707059987131717,197,135,232,212
Hyperion,0.06134969325153374,4.1127431907228496e-05,0.500768049155146,0.017527931943987433,297,278,240,271
Living Lightning / Mig,0.2638036809815951,0.00040578805847382975,0.5749559082892416,0.08009170672356707,62,152,63,52
"Jones, Gabe",0.08588957055214724,0.00011220630554491942,0.5158227848101266,0.02686533602910496,239,225,203,201
"Osborn, Liz Allan",0.11656441717791412,0.0009887773768071178,0.5241157556270096,0.019037957199880266,177,97,176,258
"Leeds, Betty Brant",0.12576687116564417,0.001289931282280699,0.5241157556270096,0.020402525210086092,163,82,176,250
Sif,0.11656441717791412,0.000364064364672674,0.49319213313161875,0.021901540632884724,177,160,257,240
Dazzler Ii / Allison B,0.15950920245398773,0.0004375925514122131,0.5433333333333333,0.04484068027315871,130,145,118,117
Molecule Man / Owen Re,0.12269938650306748,3.094792153599217e-05,0.531810766721044,0.03638492611176439,169,296,149,151
Speedball / Robbie Bal,0.2361963190184049,0.0006503510870972533,0.5659722222222222,0.07164911003187754,76,125,74,68
Lizard / Dr. Curtis Co,0.147239263803681,0.0015919669515697468,0.5388429752066116,0.034997066901711574,142,72,129,159
Volcana / Marsha Rosen,0.11042944785276074,1.1695518351048815e-05,0.5283630470016207,0.032108383624046305,191,316,162,171
Lockheed,0.15337423312883436,0.0006138258037569153,0.5415282392026578,0.03699569150062019,135,128,124,148
Titania Ii / Mary Skee,0.13190184049079756,0.00018908030924349588,0.5344262295081967,0.03664189301100956,156,193,145,150
Boomer / Tabitha Smith,0.20245398773006135,0.0014288830850733671,0.5300813008130081,0.038420836889084556,95,78,155,146
"Summers, Nathan Chri",0.25460122699386506,0.003241630323976599,0.5729349736379613,0.05419675213413748,67,50,65,96
"Summers, Madelyne Ma",0.11349693251533742,0.00011786350896176333,0.4836795252225519,0.026539261702646748,186,222,279,206
"Mactaggert, Moira Ki",0.2392638036809816,0.001733694970252385,0.555366269165247,0.045702948244829913,73,69,92,115
Cannonball Ii / Sam Gu,0.3374233128834356,0.008892800650981273,0.6014760147601476,0.06380482520785392,47,30,47,81
"Tilby, Trish / Patrici",0.10122699386503067,0.0001906388104185352,0.5109717868338558,0.024456417758308417,204,191,213,226
Skids / Sally Blevins,0.09815950920245399,0.00013928852349639052,0.4787077826725404,0.018131054012033774,212,216,291,269
Wolfsbane / Rahne Sinc,0.3558282208588957,0.0054558442745160285,0.6082089552238806,0.07886691240878653,43,39,43,54
Leech,0.08588957055214724,0.00036392045455498957,0.4773060029282577,0.01470283007469488,239,161,294,289
Mirage Ii / Danielle M,0.17791411042944785,0.0015166876772218813,0.5478991596638656,0.031505323206077775,112,75,106,175
Gambit / Remy Lebeau,0.37116564417177916,0.004682915187505294,0.6139359698681732,0.09031923013938284,40,42,40,41
Jubilee / Jubilation L,0.18098159509202455,0.0008666018971438945,0.5258064516129032,0.039019529798949286,108,104,169,143
Strong Guy / Guido Car,0.2852760736196319,0.0014619098313818745,0.5769911504424778,0.07606797560695333,56,77,61,60
Spiral,0.08895705521472393,8.262289500479475e-05,0.4808259587020649,0.022178763672459134,231,245,286,238
Banshee / Sean Cassidy,0.2116564417177914,0.0017923499757507586,0.5478991596638656,0.04393264089283255,89,66,106,122
Legion Ii / David Hall,0.08895705521472393,1.9397290343316647e-05,0.4808259587020649,0.023960647907323655,231,309,286,231
Havok / Alex Summers,0.3803680981595092,0.0042312734987053355,0.6174242424242424,0.09148011424886425,39,45,39,39
Longshot,0.10122699386503067,7.847096291817238e-05,0.49544072948328266,0.027774464540565237,204,248,250,192
Forge,0.22392638036809817,0.0011446064800501538,0.5630397236614854,0.056599417611650084,83,88,80,92
Sabretooth / Victor Cr,0.12269938650306748,9.497436828891941e-05,0.4917043740573152,0.029680112938337957,169,235,261,183
"Maddicks, Arthur Art",0.07975460122699386,0.00014240382780626333,0.4704184704184704,0.013176703710342684,256,213,301,295
Warlock Iii,0.18098159509202455,0.0013874663005833492,0.5497470489038786,0.040375022468018364,108,80,101,138
Rictor / Julio Esteban,0.16257668711656442,0.0007355261457354062,0.5109717868338558,0.03169950773903277,128,117,213,174
Sunspot / Roberto Daco,0.25153374233128833,0.003470358444234076,0.5719298245614035,0.04820008140331259,68,48,68,107
Firefist / Rusty Colli,0.09815950920245399,0.0004647492468117428,0.482962962962963,0.017010971696910186,212,142,280,277
Bishop  / ,0.20858895705521474,0.0014163115508197494,0.5582191780821918,0.05128814906454397,92,79,87,102
Daytripper / Amanda Se,0.07668711656441718,3.564423439653006e-05,0.4565826330532213,0.018360393956015367,264,288,312,265
Wild Child / Kyle Gibn,0.17177914110429449,0.0003972123866245985,0.5370675453047776,0.051686207652401735,117,154,134,100
Thunderbird Ii / James,0.18098159509202455,0.0009814691670652163,0.5150078988941548,0.036058918001310156,108,99,207,153
Sauron / Dr. Karl Lyko,0.07668711656441718,3.721561690413887e-05,0.4704184704184704,0.02000083938178218,264,284,301,252
Siryn / Theresa Rourke,0.16257668711656442,0.0006797774430052896,0.5069984447900466,0.03300135129705488,128,122,220,166
Shatterstar Ii / Gavee,0.12883435582822086,0.00035287020063282267,0.49770992366412214,0.028549401298857902,160,164,247,187
Marrow / Sarah,0.10122699386503067,0.00017571403351827078,0.5030864197530864,0.025426636129352982,204,201,232,218
Feral / Maria Callasan,0.11042944785276074,0.00027539622228379257,0.49319213313161875,0.024553374965791293,191,172,257,225
Callisto,0.08282208588957056,4.092152605864032e-05,0.4773060029282577,0.020851455918703063,251,279,294,246
Mr. Sinister / Nathan,0.09202453987730061,3.0514458464377207e-05,0.48875562218890556,0.02551436902355949,222,298,270,217
Raza Longknife,0.08588957055214724,5.669593956357054e-05,0.5030864197530864,0.02067662753465733,239,267,232,247
Spider-woman / Jessica,0.09202453987730061,0.00017344550180910218,0.5232744783306581,0.031093939029903876,222,202,179,176
Cypher / Doug Ramsey,0.12576687116564417,0.0003000047625263825,0.5077881619937694,0.024432945190657418,163,169,219,227
Deathbird [shi'ar],0.08588957055214724,9.429168015576805e-05,0.5069984447900466,0.023035612420682056,239,237,220,234
"Hudson, Heather",0.25153374233128833,0.0007145618834219482,0.5640138408304498,0.07337326201405378,68,118,78,64
Stryfe,0.10429447852760737,3.996743711675182e-05,0.49244712990936557,0.02613931601149724,201,280,259,207
Iron Man Doppelgange,0.1411042944785276,1.4307437620321056e-06,0.5309446254071661,0.048121708824702,146,325,152,108
Puck / Eugene Milton J,0.2423312883435583,0.0006864445823372195,0.5669565217391305,0.07104228751302431,72,121,72,69
Silhouette,0.10736196319018405,6.271983731994808e-05,0.5266558966074314,0.03528071731660126,197,263,166,158
"Cortez, Fabian",0.06441717791411043,2.10968125280642e-05,0.4917043740573152,0.02131818125772535,290,304,261,244
Black King / Sebastian,0.0950920245398773,5.135192488621161e-05,0.4808259587020649,0.0226934433348618,217,270,286,236
Magik / Illyana Rasput,0.12576687116564417,0.00033198355886185837,0.5309446254071661,0.0253481128532098,163,166,152,220
Zabu,0.07668711656441718,9.766319292461625e-05,0.5174603174603175,0.023727396450045207,264,234,199,232
Domino Iii / Beatrice / ,0.0736196319018405,0.00014665919545634465,0.4670487106017192,0.015137678693437224,272,211,305,286
Caliban / ,0.12576687116564417,0.00022148166759391292,0.4880239520958084,0.026573875088435246,163,181,272,205
Apocalypse / En Sabah,0.17177914110429449,0.0007768360087294037,0.5370675453047776,0.042531583422715666,117,112,134,130
"Hunter, Stevie",0.11656441717791412,0.00010111572402608405,0.4822485207100592,0.027377793957300944,177,232,285,197
Corsair,0.10736196319018405,0.00012133454025781376,0.509375,0.025252179607101667,197,220,216,221
Ch'od,0.09202453987730061,6.597576459356053e-05,0.5046439628482973,0.022109261732780494,222,258,226,239
Mam'selle Hepzibah,0.09202453987730061,6.61471081866571e-05,0.5046439628482973,0.021540268404630223,222,256,226,243
Zero,0.0950920245398773,3.309222488248352e-05,0.49022556390977445,0.02321182853064254,217,295,264,233
X-man / Nathan Grey,0.0950920245398773,0.00011559203091239915,0.5249597423510467,0.030479459455967122,217,223,173,179
Karma / Xi'an Coy Manh,0.08895705521472393,8.97517248839015e-05,0.46175637393767704,0.016744157791141176,231,241,309,278
Mr. Fantastic Doppel,0.15030674846625766,9.185904295519584e-06,0.5335515548281505,0.050201489727825226,137,318,148,104
Beyonder,0.11042944785276074,0.00022447748789382652,0.5292207792207793,0.03298570539622455,191,178,157,167
Multiple Man / James A,0.23312883435582823,0.0008285565130112153,0.5601374570446735,0.0645117540792715,78,108,83,80
Colossus Ii Doppelga,0.07975460122699386,0.0,0.5101721439749609,0.028178350719422148,256,326,215,189
Scanner Ii,0.05828220858895706,3.5347671292857706e-05,0.4894894894894895,0.01748166157011082,306,289,267,273
Ka-zar / Kevin Plunder,0.10122699386503067,0.00013604939642412019,0.5249597423510467,0.03253212907550976,204,217,173,168
White Queen / Emma Fro,0.12269938650306748,0.0005155877659157816,0.4880239520958084,0.02662073064813595,169,140,272,204
Magma / Amara Aquilla / ,0.08588957055214724,0.00010177432098392847,0.5199362041467305,0.018968670469699363,239,231,191,260
Thanos Doppelganger,0.18711656441717792,6.892164554534458e-05,0.5442404006677797,0.0592888157906361,103,254,114,87
Magus,0.22085889570552147,0.00013994478799345835,0.5544217687074829,0.06871928427729028,85,215,93,74
"Knight, Misty",0.08282208588957056,0.00017767535424155763,0.5191082802547771,0.024703661629174877,251,200,194,224
"Wing, Colleen",0.03680981595092025,1.6283320377951748e-05,0.46504992867332384,0.010190847722853622,325,311,306,305
Puppet Master / Philli,0.07668711656441718,2.0816137562518883e-05,0.5133858267716536,0.025764478228105035,264,305,211,211
Maximus [inhuman],0.06134969325153374,3.6573769081418327e-06,0.482962962962963,0.01748703780118411,297,322,280,272
Punisher Ii / Frank Ca,0.11656441717791412,0.0011749850020530673,0.5266558966074314,0.01883335132276699,177,87,166,261
Zeus,0.0736196319018405,6.465788592582268e-05,0.4880239520958084,0.020281317854030978,272,260,272,251
Box Iv / Madison Jeffr,0.06134969325153374,3.93923320317909e-05,0.5,0.01580309953985358,297,282,242,283
Thena,0.06748466257668712,9.866163754408503e-05,0.482962962962963,0.013565406550790754,283,233,280,292
Black Cat / Felicia Ha,0.08895705521472393,0.0005513457233544519,0.49544072948328266,0.013112813969203585,231,134,250,296
Gee / Alex Power,0.06748466257668712,0.0003572029625584625,0.4946889226100152,0.014918225293812608,283,163,255,288
Spider-man Clone / Ben,0.05828220858895706,0.00014835875763984668,0.45403899721448465,0.006045255007354181,306,210,313,316
Ulik,0.05828220858895706,6.412806274517434e-05,0.4508990318118949,0.008389452661570717,306,261,317,310
Citizen V Ii / Helmut,0.0950920245398773,0.0004171770683389708,0.5069984447900466,0.0204076750367261,217,150,220,249
High Evolutionary / He,0.12576687116564417,0.0010261467315035822,0.5232744783306581,0.02917604809949297,163,94,179,185
Hobgoblin V / Jason Ph,0.07975460122699386,0.0003237331892979587,0.4630681818181818,0.007764272874511836,256,167,308,312
Ghost Rider Iii / Dan,0.05828220858895706,0.00019285997195731265,0.5038639876352395,0.016435982279450687,306,190,230,280
"Cushing, Kate",0.0705521472392638,3.477845324519407e-05,0.44474761255115963,0.004793758669438744,279,291,322,322
"Katzenberg, Nick",0.06134969325153374,1.9533899680824365e-05,0.4429347826086957,0.004393773340150705,297,308,324,325
Vizier,0.0705521472392638,9.408723888922116e-05,0.4894894894894895,0.01269915530735501,279,238,267,297
Tombstone / Lonnie Tho,0.06441717791411043,0.0001799056028990237,0.4534075104311544,0.006339602876327817,290,197,314,315
"Mercado, Joy",0.06441717791411043,2.229743461441923e-05,0.4429347826086957,0.004585767861697171,290,302,324,324
Hammerhead,0.05828220858895706,0.0001791649309132314,0.4515235457063712,0.005621821827573302,306,198,316,318
Arranger / ,0.06134969325153374,3.072160392727466e-05,0.4490358126721763,0.005348222090008544,297,297,319,319
"Osborn, Harry",0.08588957055214724,0.0002689041552300922,0.4894894894894895,0.00867367743784678,239,173,267,309
Cobra / Klaus Vorhees,0.049079754601226995,0.00022424597012104944,0.4801178203240059,0.008235125914846517,316,179,290,311
"Leeds, Ned",0.0736196319018405,7.86010937370236e-05,0.4534075104311544,0.006354757927766081,272,247,314,314
"Watson, Anna",0.07975460122699386,0.0002121518458782447,0.4773060029282577,0.010893600716937592,256,185,294,303
"Urich, Ben",0.11349693251533742,0.0008607063600129122,0.5015384615384615,0.015927825074614814,186,106,239,282
"Robertson, Randy",0.06748466257668712,4.225166849265196e-05,0.4435374149659864,0.0050290628604730565,283,275,323,320
"Page, Karen",0.049079754601226995,3.4236405464746084e-05,0.4851190476190476,0.01231884343187999,316,293,277,298
"Grant, Gloria Glory",0.08588957055214724,0.00011274884472969776,0.4478021978021978,0.005893687185525973,239,224,321,317
"Lubenski, Nate",0.05828220858895706,1.0038444063781678e-05,0.44173441734417346,0.004811242046207561,306,317,326,321
Ikaris / Ike Harris [e,0.052147239263803685,2.5858073262667843e-05,0.4738372093023256,0.012021865778019388,313,300,299,300
"Rosenthal, Bernie",0.06441717791411043,0.00021749641202709635,0.4787077826725404,0.012226952458402614,290,184,291,299
Gladiator Ii,0.0705521472392638,3.947784930488151e-05,0.5,0.021785296491569635,279,281,242,241
Beta Ray Bill,0.0736196319018405,0.00017891393436107915,0.482962962962963,0.015557051210555976,272,199,280,284
"Bridge, George Washi",0.06748466257668712,0.0008817346574431192,0.46438746438746437,0.008840316445542642,283,103,307,308
Diamond Lil / Lillian,0.04294478527607362,7.420902154822149e-06,0.46906474820143884,0.010427840059082979,322,321,304,304
Asp Ii / Cleo,0.024539877300613498,1.8876828692779614e-06,0.4604519774011299,0.0032362766043270803,326,323,310,326
Black Mamba / Tanya Se,0.024539877300613498,1.8876828692779614e-06,0.4604519774011299,0.0032362766043270716,326,323,310,327
Meggan,0.06441717791411043,3.883694154723457e-05,0.5030864197530864,0.018201453886466025,290,283,232,267
"Austin, Susan",0.052147239263803685,2.0072052877834256e-05,0.4697406340057637,0.009609016031435158,313,306,303,306
Diamondback Ii / Rache,0.06134969325153374,0.00019930567185770864,0.482962962962963,0.011058628049744704,297,189,280,301
Makkari / Mike Khary / I,0.07975460122699386,0.0002227307848086873,0.48439821693907875,0.018070307203230628,256,180,278,270
"Hodge, Cameron",0.08282208588957056,4.1960348607056584e-05,0.4731494920174166,0.018563612701017456,251,276,300,263
Skin / Angelo Espinosa,0.04294478527607362,2.2254168511888245e-05,0.4490358126721763,0.009133545649649924,322,303,319,307
Husk / Paige Guthrie,0.049079754601226995,3.598331109020007e-05,0.4496551724137931,0.007745412937063236,316,287,318,313
Deadpool / Jack / Wade W,0.03987730061349693,5.6683009237862936e-05,0.4014778325123153,0.004734879408890447,324,268,327,323
